0.6285977495265428,1.146257818157416
-0.7841399828241933,674.3076769721506
0.6285977495265428,1.146257818157416
-0.7841399828241933,674.3076769721506
0.6300558936209756,-1.483208019531576
-0.7348497244535113,655.9722953589189
0.6056487922595097,19.951647525219546
-0.7144552284087169,649.2023688442295
0.637733845822833,-6.838893286466413
-0.745442189756636,658.5193268546026
0.6080386818553055,12.383594800739514
0.6055434123201296,17.551475685462147
-0.6960755336617406,639.4534646962233
0.6041054626897521,18.823941845762107
-0.7360095204922791,654.8162951352606
0.6179755809474059,3.4158381182654503
-0.7439849624060151,655.9601503759399
0.5857610126793776,25.49898315755987
-0.7181533467238725,648.6176722096212
0.6335036055421122,1.3814380327027351
-0.6846031746031745,638.8888888888889
0.6219276052899377,10.834481881854112
-0.6950377269249938,644.4030921159139
0.6301272266782056,6.557702996330796
-0.7119617854720971,650.7697891596971
0.6392713794341653,0.17329139165102467
-0.709275255937585,647.7651575663547
0.6511871469445716,-8.874673708601868
-0.6917770493910472,641.481458043547
0.653035400375826,-7.082227071588799
-0.6958739934943742,639.7907534794433
0.616746696195638,11.128516312219631
-0.6797693724586239,632.9187158421923
0.6317753338407168,2.4494155049503377
-0.696969696969697,639.7878787878788
0.6346465549051756,1.0669394484049615
0.6606656613888016,-15.042404465546493
-0.6882036685641998,636.6382985452245
0.6321282135384998,7.140312498253236
-0.6763285024154589,637.5652173913044
0.6358687643197996,4.041929042431822
-0.6790420819490587,637.3517995570321
0.6262220278011255,10.379981604053558
-0.6714388790838687,634.7611843606953
0.610948944599402,16.182417232453908
-0.6877892008489023,640.7869916153498
0.6379251828361769,0.9331340053446743
-0.6928983343396999,641.857797126365
0.638694972364223,1.160183768284551
-0.7072255118232129,647.2402066643446
0.6419940044640878,-3.3982464060682522
-0.6795305567482467,637.7537312151138
0.6408748135163229,-2.823997246638754
-0.6780596514106392,636.5791006150455
0.6384244001403047,0.8571323897755718
-0.6821418129628842,637.6754627944961
0.6387879801690242,-1.4934932145636388
-0.6914509222661396,640.7102075098815
0.6489474635413107,-6.865170873217892
-0.7251552795031057,651.2903726708074
0.6357548935322549,-0.06880432161540284
-0.6881720430107527,638.3333333333333
0.6632841636754861,-17.85838116964572
-0.7253086419753086,652.7253086419754
0.6435161523870714,-6.148421962212481
-0.7037747343245865,642.979633431857
0.6275164281492694,3.043550059256947
-0.7486804650938389,660.4376272494814
0.624141991712652,5.29105960784002
-0.7043650793650793,646.0
0.6449661593384263,-2.791851339449419
-0.7374548606095622,657.7340868602244
0.6429764478657574,-2.0384917026581633
-0.7265171934983257,655.7417605978926
0.6417653310415266,-0.6498203537637266
-0.7402230567183781,659.0904128703933
0.6377407551855102,-0.22133773375326524
-0.7128257945207522,648.0045192907103
0.6415986492413874,-5.661685930285223
-0.7111162378683868,647.9517952383418
0.6401218367712327,-1.5560222108476864
-0.6888888888888888,642.0388888888889
0.636764523173192,0.9816196474091125
-0.7351778656126482,654.5573122529645
0.6478366202568937,-9.195224079768119
-0.6881720430107527,637.3172043010752
0.6797636041010907,-25.92983634107129
-0.7104247104247104,643.5353925353926
0.6330417382936881,1.253755962571443
-0.7048277809147375,642.0583474496517
0.6111107423963236,11.69114617466935
-0.6628630777824326,629.640921309873
0.6577872447761652,-14.474669548221353
-0.7042509778653416,641.2869410059105
0.6141419452334342,10.505540349677071
-0.7365507716327387,653.3422362337117
0.6188178005517809,7.535810618616078
-0.7718865734398721,666.5785140750756
0.6495236355070392,-9.428141397926598
-0.7218332615478916,648.2173230703565
0.6594739872030908,-15.069571995257448
-0.7159290234511474,647.673724341866
0.667285159759367,-23.033353555871265
-0.69579945799458,638.0758807588076
0.6610442118283821,-16.38234804450403
-0.7193639693639694,646.0953213453214
0.6313458526258477,3.253464367095546
0.6312102887476507,3.071537186492183
-0.6559139784946236,622.3333333333333
0.632852918340006,2.8899884533220495
-0.7285137027784088,648.2343099401922
0.6438174114394688,0.27328970015599907
-0.6930730008705384,635.8429299838328
0.6263767731404328,7.134265604832068
-0.6813014679556032,633.3545918367347
0.6439039027467859,-1.0259535385108278
-0.6798340548340549,633.2325036075036
0.640849321243462,-2.306106409158218
-0.7408914361500567,652.3831533409119
0.6657458502420954,-14.731623652039792
-0.7080321678627384,638.9434149695476
0.6217160045597818,12.377959523389094
-0.6668163144803069,629.3238612205151
0.6382055638297195,3.644308478878642
-0.6770675925060162,632.5329317185277
0.6901241635552523,-27.852196947145423
-0.6722077243816375,628.4992004992006
0.6727649226832234,-21.801263031328396
-0.6385869565217391,619.1820652173913
0.6654296381224126,-12.411073367386862
-0.6672140120415982,627.4772851669403
0.6332487861344138,6.667351053589414
-0.6796187683284457,630.2228739002933
0.6423801041620276,-2.8025444313663463
-0.6652358058608058,624.3149038461538
0.6637195260879472,-14.247376395534303
-0.6573232323232323,622.3575757575758
0.6846570062790861,-25.804458275191383
-0.7149834292691436,642.4838653410083
0.6718327984613197,-17.24869004235203
-0.6419354838709678,616.7817204301075
0.6610389451069331,-12.254450968928973
-0.717816265060241,641.0327409638554
0.6765237787209849,-19.746363978271546
-0.6346146796907192,617.3206296018633
0.663973060016423,-12.743923127798364
-0.687925507659853,636.0214848858113
0.6620666689149108,-12.22210334298967
-0.6946259880470407,633.4068440331599
0.6555971303323684,-8.430827372287549
-0.6469978473257162,620.7364232488823
0.6479665709850015,2.691051758690328
-0.6657111657111656,625.8913458913458
0.6920081620593981,-26.603338206493863
-0.6409017713365539,616.1312399355877
0.6734953631322418,-13.352313850061782
0.6812175915780685,-21.9497456150773
-0.6748472610541576,624.8168168168168
0.6991996426972703,-32.86734723772963
-0.6375762495912684,611.7640519117366
0.7114780354199545,-40.22249440219903
-0.64571158008658,616.5531655844156
0.6708097180590763,-15.81083886298901
-0.6677256435320951,624.1332681655263
0.6791647380613374,-21.922449544784865
-0.6429072612288232,614.2793703549831
0.6949742204425736,-29.844990019719127
-0.6446483516483517,616.8109816849817
0.6850844728623847,-27.447706811897927
-0.6030463860185222,605.7825043893156
0.6790293859537472,-19.073004304479678
-0.6496323160843285,616.6344455255787
0.6920600278204079,-26.045403566262507
-0.6486111111111111,620.9347222222223
0.7212885826937891,-43.76495608717908
-0.6419408538973757,615.8903251077164
0.6774409663768454,-19.712452689123648
0.687599059102841,-23.673615275853493
-0.6618663594470047,624.3214285714286
0.6989531441036375,-29.85463674112457
-0.6568292430361395,621.4668116392254
0.703321769377433,-33.32305658984271
-0.6439902905019185,619.5108448829379
0.6756902737209725,-16.933516336644324
-0.6287581699346405,612.683660130719
0.7241520499175361,-48.05946885274622
-0.6134447195806222,609.4580198537095
0.7007364131671823,-36.869866633401415
-0.6556437389770724,620.3734567901234
0.6881366166886913,-25.595307677513674
-0.6954319922251826,634.1276644457298
0.7359026320401943,-59.804740976096404
-0.6602291257712053,622.7943249896628
0.7023171995123213,-38.49224575334332
-0.6524232452039939,620.4411197536865
0.7004075027115828,-37.721304417851776
-0.6327460569504633,613.8730810369732
0.719117029228017,-53.15307089506867
-0.6340328563857975,616.0926762056174
0.690013805286627,-32.02873894820807
-0.6345238095238095,615.4404761904761
0.6784166956488512,-22.591472306114895
-0.6665134803921569,628.2838541666666
0.6589527885699631,-11.539551028257907
-0.6432846045471584,620.2242945958872
0.6482907584863239,-6.368262567423078
-0.6647765278200061,628.5338096685923
0.7080084624001388,-42.85741620247354
-0.6358024691358025,619.9074074074074
0.6688527125911643,-18.54236481321198
-0.6732026143790849,632.59477124183
0.6968533877109526,-35.781183048643065
-0.6696604380148683,628.7343781394414
0.6898633434177284,-31.655119516174096
-0.6508046614872364,624.99773399926
0.6762419589299191,-22.23915245948894
-0.6723181221276086,632.5927330186955
0.6954821199927502,-34.134144452012535
-0.6734758671746351,633.3978951542357
0.6656491150506049,-16.40873281032341
-0.689762443438914,637.5281862745098
0.6637076680736416,-16.534677826139
-0.680871212121212,633.6231060606061
0.6592151327508569,-14.432451458203076
-0.7241092241092241,650.010323010323
0.6383425653586944,-4.715880015073556
-0.6772727272727272,631.6772727272727
0.6598050279296652,-14.865251957362869
-0.6863247863247862,632.9230769230769
0.6462550403437103,-2.4594240825768003
-0.6946510740767232,635.2749088048066
0.6679210117811583,-17.929126584620715
-0.6535147392290249,621.8553287981858
0.6449628931057784,-6.212419482798753
-0.6789100961093181,629.7553415834883
0.6307018769036572,0.8667708617326128
-0.6860872420999004,633.5679815850701
0.6608393420535232,-17.267401828916967
-0.670720779542781,631.0625250483845
0.6501021058209917,-10.107296475556284
-0.6814646583630755,635.7332105115214
0.6823979646013957,-26.5871079528447
-0.6382783882783883,621.1039377289378
0.6201310997535237,11.469630748338052
-0.6725952773453879,631.4144380431599
0.6253622896383333,5.019836063479062
-0.6403679653679654,622.283658008658
0.6246785096414553,5.663065754883225
-0.6657471264367817,630.6789399744572
0.6257800883712962,9.620600414078675
-0.6779137313063899,636.0317636880485
0.629143602971699,4.021780490861502
-0.6818181818181819,637.2727272727273
0.6307853137403193,3.3153774385362738
-0.690905131453912,639.7542762115933
0.6410534453754142,-6.431796262829173
-0.6594147092799384,630.605827236555
0.6466710522892826,-8.926154263927478
-0.6913047297772155,643.4006729214983
0.6633696616499056,-16.027436583918906
-0.6769301346356141,638.5819011036477
0.6325905281314348,-1.8457863315558356
-0.7029495836426529,648.6807035797135
0.627354840656296,3.1870232244568086
-0.7285693022910429,654.5205375272792
0.6409467519850256,-4.031000043137453
-0.6928598129132238,642.4842860521121
0.6392208648229515,-5.7354410272920635
-0.7127937316514902,646.9638363312932
0.6291854697612721,-1.9736365299821526
-0.7039882103711891,645.5944883485311
0.6258087371068318,-0.5712285260064951
-0.7073135198135198,645.0807837995338
0.615784091206695,8.236842707648156
-0.7142857142857143,649.0357142857142
0.6276979786402946,5.524142722739138
-0.703658810325477,645.3282603815937
0.6302395113749226,4.356958086088314
-0.6765660197925645,637.3651416089631
0.6381374116907599,-1.0102477789280726
-0.7022228978750716,649.0275328536198
0.6276480141908342,4.117248926038749
-0.6873603132184367,643.4815173384968
0.6275053007476844,3.830459770114936
-0.6994920566854529,646.4068952666829
0.6392759968226771,-1.3758125971169393
-0.7240973081761737,656.2820993570442
0.640687426750538,-9.268076754827153
-0.7388777922034688,660.1988148739971
0.6343373602730775,-3.743002876736207
-0.7375118944592745,659.0643340118559
0.6199213599322179,4.174348317983673
-0.7200832808438369,653.3431720990494
0.5900230320010587,19.79449702714067
-0.6871946162523825,643.5582180728983
0.6310457324669849,-4.176310850439887
0.6265103536657698,-0.9201625808992225
-0.7382928905917412,662.2193486590039
0.6261781426566992,0.35162115264928673
-0.7171717171717171,655.5959595959596
0.6492422861599539,-11.315771944942497
-0.7077141829353659,650.7874416660185
0.6428158950424575,-8.778882328608887
-0.6921618735470727,644.4846508456756
0.635768536154606,-5.081417298145735
-0.6694295900178253,634.3287878787878
0.6317094774910009,-7.261249917541868
-0.6703663003663003,634.6668498168498
0.6083281047748913,9.142113138192919
-0.718421052631579,653.2334307992203
0.6305398474824749,-1.5880229403115418
-0.7322509881422924,657.8232648221344
0.6338987419585358,-7.912897116300381
-0.730779119870029,658.0313272586001
0.6060270523653373,10.879958778279569
-0.753391768292683,668.325800304878
0.6115578665192709,6.784269652160584
-0.7065192743764173,652.3357142857143
0.6065837412693794,9.21179143697474
-0.7325174825174825,663.236013986014
0.5927766053278342,18.235104553599935
-0.7427429201622749,667.0370239079916
0.5883384224095183,23.905644402741878
-0.7519323671497583,672.3657004830918
0.5883055200564226,23.797221560759475
-0.7551564722617354,672.5918089141774
0.5975765464745233,17.07637612829606
-0.7352752329496516,665.4031947380785
0.5903677405546953,19.96320706021578
-0.7590097402597403,675.5814123376623
0.5950558042769418,18.595514498290893
-0.7681728899120204,677.1383539166148
0.5773932886156068,32.42645935022555
-0.7786120431847569,682.2219921785139
0.5861434726652118,24.284319847798123
-0.7971639574321294,689.5474986917495
0.5908224593536244,21.83144210778721
-0.7597276562909987,676.0922424386036
0.595667945272478,17.241029285357946
-0.7730153556424744,681.4717514124294
0.592814373342041,24.293891634438843
-0.7743726286583429,679.6436413779271
0.591715768467868,18.66003386873337
-0.7730723382897295,680.7243239851936
0.5761680515496413,29.83171575981954
-0.7553750597228858,674.5701544831979
0.6196459148552976,5.696082322313272
-0.7531347962382444,672.3936781609195
0.5925290359608385,21.96540150572163
-0.7642970701794232,677.2443485502309
0.5750243446138279,29.599840597932257
-0.7752472752472753,681.0454545454545
0.582057437605036,27.337273106935456
-0.7907563561059003,688.1510920690253
0.5757796029904009,27.844118799855362
-0.8262809647979139,701.2780117340287
0.5986633773614174,15.275250712968482
-0.8067746840466925,692.943449944799
0.6140211981794121,1.508488939120088
-0.8203107126599917,697.9147683792836
0.6192343843503529,-0.13964687941825105
-0.8020121664382671,693.5441309243982
0.5910895273920953,17.88075580330412
-0.7909377776891389,688.6056323390261
0.5762921103397595,29.006237070984305
-0.7947133975541436,687.6249289471886
0.5860636763394786,24.00203425584841
0.5890096945624033,20.577314258616163
-0.7476851851851851,669.1805555555555
0.5776440713292196,31.117298942893736
-0.7820335863814125,682.3125143777316
0.5921825861543469,12.591837447279476
-0.7804289819376026,677.7130952380952
0.5900646479004688,12.104030532761886
-0.7829749412527347,676.3418559071388
0.6007827466695446,4.7868278962911575
-0.7754495056914411,678.0231606207414
0.5750494581696373,25.086029053109158
-0.7662121611811799,675.9128737571067
0.5840563245389963,23.867185583129427
-0.7644574910566548,678.9346829847005
0.5922777462257425,18.421579039563408
-0.786512084528352,686.430724326998
0.5885285541650693,19.879522078718484
-0.7755779723040858,682.1376183674095
0.5822843669202518,28.431572947542982
-0.7794565153388684,684.931459106165
0.5792837972238093,28.525272744973588
-0.7853200568990044,686.2278093883357
0.5870015399806588,21.26679049617178
-0.7473015873015875,670.6806349206349
0.5523951551902926,40.806308988143456
-0.7857142857142857,684.1428571428571
0.5718016094297275,31.959635189416044
-0.7892549261083742,687.2725779967159
0.5695290887042663,32.992682715567106
-0.729255698005698,663.8137464387464
0.58211444177973,24.463243250082016
-0.7786811201445348,682.9609756097561
0.5858583748468729,17.958022169093038
-0.7746742917739735,680.8940312073928
0.5862294075748109,20.983335446389226
-0.7858851674641149,686.3855661881977
0.5351210069896181,55.22469904363049
-0.7884256827731093,685.3584383753501
0.5734939555181573,27.397853857462295
-0.8325923096511332,701.1342780748663
0.5635428526770379,35.26443849898252
-0.8104667317083638,692.2035765200505
0.5546030269191317,39.92686139155726
-0.8034055039926419,688.8505633596723
0.5622679489453968,34.19604778741707
-0.8174443164362519,693.1466733870968
0.5641950603865169,32.47722078059186
-0.7706349206349206,676.3873015873016
0.5567369542328173,40.14126271223864
-0.7807239057239057,679.4650673400673
0.5658524301832555,33.177833981902566
-0.77191091954023,677.8103448275862
0.5763485767691522,28.636271416504172
-0.7916900093370681,687.0541549953314
0.5576155944199029,43.058940279874506
-0.764095526987337,675.4013192739179
0.5644881470741945,37.57045583953235
-0.7977791563275434,688.8168734491314
0.5660019342707394,33.896262656443405
-0.7540326589586686,673.6866120794906
0.5688421982449486,36.46843775402026
-0.8192923019009976,695.8178242047808
0.5669078547447377,36.012088049754055
-0.8140122327598608,693.1432429725029
0.5575885757333954,44.41078263393131
-0.7919277021400407,685.1042286321999
0.559506936393523,42.49948753522258
-0.7753052653867872,680.3676771597968
0.5445104709749502,47.860406260432455
-0.7712675535846268,678.059460458241
0.7057351321991187,-41.80734767847382
-0.5870301888760642,600.9738262551873
0.7057351321991187,-41.80734767847382
-0.5870301888760642,600.9738262551873
0.6751393781301492,-21.71213356681486
-0.5989687321194609,604.4317532804502
0.6845438241318833,-28.642190077612366
-0.6320630970018704,613.3871463304836
0.658121631728735,-12.278939930460476
-0.6356864519045821,616.0107036186854
0.6811396574440053,-26.27579521927348
-0.6303405484483677,613.8035564735303
0.6795819524390954,-25.58812198383628
-0.6390627300649819,621.1654508939006
0.6651949459513419,-17.058834602549837
-0.6387664640324214,623.685309017224
0.6843965975544923,-29.99428495481128
-0.6477166117042696,626.4179699829127
0.6769065516739936,-26.170730952940243
-0.6399046718747874,622.357095987865
0.6619459038044205,-18.380992442357705
-0.6344552068503073,620.770614124205
0.6663365873892189,-21.787415800573676
-0.6721651022380553,629.264733738443
0.6624428274428273,-18.49650727650726
-0.6494224149441356,623.9429423562683
0.6498441924920602,-10.366688522699471
-0.65769006323022,625.0737469151085
0.6461670730324711,-7.856129062074497
-0.6481589103592529,623.4225708970437
0.6358398333149511,-2.955608684011164
-0.6941852103996687,640.3823606597163
0.6261742528870461,2.6241711981581153
-0.6579515047643381,630.2442735133425
0.6335209898796854,-1.11819553634772
-0.6778594752926491,636.1643134156633
0.6495726495726495,-10.076923076923057
-0.6816107617051013,635.4366561844863
0.6367146578911285,-3.541121623474555
-0.6818219364893824,636.132582635236
0.622843567251462,3.9990862573099406
-0.6801011082088697,639.1983015848978
0.6529360227034645,-13.560211797421085
-0.6919605900344017,641.0989868940381
0.6532679738562092,-14.851633986928096
-0.6869580607280823,636.7392290077422
0.6335854136375958,-4.079096330614348
-0.6754284205264597,632.29021777061
0.6480346018673545,-11.143136190174516
-0.6635569916491657,629.1729264736731
0.6783226084672137,-30.555560959454166
-0.678050716026153,635.7492242597409
0.6531504434833209,-14.335064814430973
-0.6836782609086213,640.1014719649834
0.6306831585496564,-1.0005578939129582
-0.6760963572267921,636.2609766661071
0.655333631885356,-15.924591730108956
-0.702169930478005,646.7061299725933
0.6109463062480305,7.150211515814956
-0.7077583762473605,647.39009794408
0.6226546601546602,0.11516585266585366
-0.7418760217568235,660.3469516757398
0.6312169312169312,-4.610978835978841
-0.708184610239044,647.3258065040022
0.6530934343434343,-18.910037878787875
-0.6898624714657323,640.2362967497478
0.6334169681409733,-6.494485937682327
-0.6789081466733147,638.7479925444461
0.6132045088566828,5.420933977455718
-0.7423915802463115,659.2036559356749
0.6458176046671242,-15.18741420727521
-0.7368310403495488,656.8410075293457
0.6283806650865474,-3.297980463980468
-0.7279176076734721,654.8312752105747
0.6098183343305295,7.434872182920969
-0.7248079406362139,653.4078167307076
0.6326938034742028,-4.298565378964668
-0.7242157269209508,651.2670294361526
0.6188640163240657,-0.07727679158633549
-0.7305163207763851,653.6524194552621
0.602632089888311,11.422632252881664
-0.7481928493997057,654.3460239871102
0.6209930893626546,-1.1176541603715648
-0.7106390355139665,646.6926835321304
0.6251580374859002,-3.043698118910344
-0.7209403961474112,650.0045783738186
0.6265232974910394,-3.7376344086021427
-0.7473008287909446,659.7226957792809
0.614092150382473,5.713269406817787
-0.7359832238516305,656.0223803920189
0.6238095238095238,1.1380952380952607
-0.7347241242307433,654.4154229644282
0.6069148936170213,11.169503546099293
-0.7412436118084832,657.2078459914333
0.6266791465881038,-0.03279210082314421
-0.7376532062405542,656.2243131974512
0.6067398663796969,12.378448121244741
-0.7151243005654332,647.859510644639
0.614498001998002,7.401161338661353
-0.7439021553561423,654.8614021267762
0.6166261174876684,5.402469543217007
-0.770614283819659,664.5736773682813
0.595060752847638,18.983707700920814
-0.7009600852869262,642.8510075054963
0.5979315574048817,16.565717404465705
-0.7178315477114916,649.5560013541624
0.5988138282356121,17.9730419000791
-0.7265067098629138,652.7395175158031
0.6066165442989858,12.356660809336615
-0.7228687066839065,651.6001197666512
0.6191538461538462,6.4766923076923035
-0.6932006938820088,641.3773554329742
0.6135785793739075,7.354123629429523
-0.750634774078135,658.0931963760171
0.6048357134564031,13.95004063624755
-0.7576787021081564,658.2795876527229
0.5825678386653995,27.08726639214446
-0.769582560296846,668.2201546072976
0.6139386189258312,8.916751918158567
-0.7527812072766832,658.7659267441554
0.616185778990657,9.08424102997274
-0.7188444857606836,648.96256146916
0.6248910675381264,2.503540305010901
-0.7091000594429686,642.3241404861595
0.6293062200956938,0.05943836864888681
-0.6981521221963288,636.0793102422721
0.6299388223580218,0.7358931990139936
-0.6815118498859404,632.4889291420608
0.6223808357044449,6.07493731744086
-0.6969994596852553,635.7833304501412
0.6034266758666252,16.79236295380418
-0.6981119431245493,639.0165035305043
0.6015092873930612,18.105447210057907
-0.6727455244282201,629.6200445893135
0.6463218007690437,-5.534948164242966
-0.6902516412454214,638.2670675643001
0.6263874820831343,2.9606774964166105
-0.7335875194464914,649.8913685212478
0.6388453500522466,-1.6423719958202507
-0.6940783662699096,638.9435627601886
0.6125465178096756,12.57841573631047
-0.6807872247624985,637.1702196017475
0.6470963995354239,-7.477468060394888
-0.7012672811059908,643.2178859447005
0.6159242191500256,9.98658474142347
-0.7084361161426116,644.4276976632028
0.6507025368678786,-9.255775365550951
-0.7341742025335776,654.486713980464
0.6298716929399878,3.5849991039020304
-0.7238750274299716,651.67184580968
0.6116112055260129,14.399490159530728
-0.7298473933694516,651.3635832950532
0.6398682114775991,-0.7480120271667455
-0.6837631603687827,637.6511780833182
0.6379154250240309,0.3491058676101666
-0.6811703592966487,637.8691283992666
0.5997744659956863,21.106071831113084
-0.7126126014714426,646.5382168948912
0.6428325687981589,-4.534333193345935
-0.6481466353901596,625.5417755553228
0.6401794871794871,-3.11538461538463
-0.7062331865759139,643.5681670285342
0.6664031620553359,-17.908959156785237
-0.7231035316884373,649.3811940009676
0.6516021254078843,-9.642362862686321
-0.7098562629847391,643.545223970196
0.6605680868838762,-13.700751879699263
-0.692409713691286,636.3264355090724
0.6517649017649016,-9.21671661671661
-0.6962030297374643,638.6757977168097
0.6429871774123502,-3.6445808537335664
-0.683093808635769,634.205433903712
0.6446331345605393,-5.888060668913681
-0.6969405594405595,642.7249999999999
0.6247600438776909,5.435383244206747
-0.6803567126188557,633.761948652231
0.6659280613536688,-18.316631621637573
-0.7150510164708557,639.9267215798593
0.642842915702419,-5.131805197713295
-0.7050089849595873,638.8686560782176
0.6458024551210707,-6.156119566155506
-0.6968580769337528,639.3235256643303
0.6348036141482629,1.115183813165897
-0.6473865974301813,620.5114924354484
0.6300182153269543,7.397068034340169
-0.6559971926235512,626.675264819761
0.6499360060229625,-5.218959156785234
-0.7273819056115708,651.2485099932469
0.6404175824175824,0.4436263736263527
-0.6874007728760452,638.9216992317774
0.6726715495298945,-16.94244454833514
-0.6855336368820708,640.2044576228011
0.6245141806722689,9.64762342436974
-0.6627843246958091,632.4717138062725
0.6546015246015247,-8.99745668745669
-0.6737546055294714,636.0273957132802
0.6612707039337474,-11.64778726708074
-0.6874143236184385,639.9569410794924
0.6497382723624001,-5.296495641281297
-0.7333058406647117,654.4256476050831
0.6577234542172082,-11.124478360704824
-0.6839868921422217,636.9476627876165
0.632685693109558,4.178891110498124
-0.720282196912146,649.3103830620499
0.641310409958516,-1.9595175051860068
-0.7103356895545321,644.7334867753834
0.6413015058678148,-1.893597300884254
-0.7319025459569821,652.2029455888037
0.6357164018708013,0.905836720964993
-0.7052272402367807,644.3209154973097
0.6125222391197757,14.139437565666624
-0.6932361926855313,637.4702005541589
0.6420075757575757,-3.504659090909101
-0.6906145029302458,633.5082397448012
0.6446007696007696,-4.247775372775374
-0.6646451256232648,632.836680530828
0.6016083852895997,21.582633053221304
-0.7009047216359799,639.6916286493894
0.6245300751879699,8.855837510442768
-0.6730631575807376,633.919131768933
0.632922064385479,3.8689698918966995
-0.689498667998848,636.990587105177
0.6554443053817273,-8.295358781810597
-0.6734531562656914,631.964087781883
0.6455996719154548,-2.7829908492081663
-0.6450409758516422,624.1470072365487
0.6421205259468186,-1.529209442688483
-0.6514359290252385,626.8586296010495
0.6630385487528344,-14.205442176870747
-0.6600782964457745,630.3685560802278
0.6235138475271896,7.095074216840165
-0.6337167929019811,620.2799442183025
0.640563912017998,-2.9130436646490807
-0.6765758862227657,636.3734223944944
0.6335971530200308,1.2670620955041123
-0.6663979730280766,632.7489753807678
0.65404927872694,-10.468438230747068
-0.6674798912914648,633.3108379472703
0.7040123456790123,-38.139197530864216
-0.6906457305460741,639.5616165552109
0.6459418346963929,-5.339265538575501
-0.7015618944352116,647.4703064626582
0.6609656905482333,-15.001461613416074
-0.7127263504594994,649.9448514565644
0.6151107154779125,9.666713029932112
-0.7368419261828294,658.2150268598705
0.6404544463147827,-4.258911554902123
-0.6983746205733273,642.5523041085534
0.6384615384615384,-1.433012820512829
-0.7022519091101362,644.5352890024345
0.6545217759749333,-11.249337210161977
-0.6901852483913042,641.6739040104263
0.6299470740595483,3.4942519895741384
-0.693061227058478,644.8918559947405
0.6412635205738654,-2.2512426219322847
-0.6557822516009753,630.622687018725
0.6364689250742191,1.6342800041940921
-0.7240361447244916,654.7943896019668
0.6265860329639101,6.366285995074378
-0.7022654793531486,644.813353574437
0.6307249513771254,3.3128881987577663
-0.6900810934384585,644.5987157150611
0.6436480186480187,-2.9674242424242268
-0.697464752818979,644.9101024536917
0.6620983183483183,-15.038326257076278
-0.7078923524262498,649.5357156069813
0.6546666666666666,-9.571333333333337
-0.699831722773185,645.3815411454468
0.6421888053467001,-3.1100668337510484
-0.708232553706563,649.678827319342
0.6374748545904432,-1.013689385905718
-0.6973812452116953,644.8283069783226
0.6145063810276287,13.288550928058626
-0.7043111936335118,648.9708634237834
0.6152191573119277,14.2405931131633
-0.7183594412734879,653.2567322431333
0.6301681944105586,3.1256900843960125
-0.6933041017855706,646.6580855747629
0.6352171794599311,1.5570348457335896
-0.7103414681418073,648.5887825782659
0.6289215177003509,4.489136170377683
-0.6975583924248498,644.9705892943066
0.6378074776520917,-0.7669991933217147
-0.7076078957112744,647.8537806294651
0.6438652141891239,-2.123847360064712
-0.715506533091255,653.2611831379306
0.6166389045736872,11.491661490683235
-0.6821563229047637,637.5910056986095
0.6321083505866114,2.7572291235334965
-0.698515676164146,643.7151006663364
0.6410098522167488,-0.3881362889983582
-0.6730804635779613,640.0459018800085
0.6022585624417521,19.009733224603906
-0.6686677758776984,630.941107072422
0.6053512036743744,19.671642382008216
-0.7037120121510853,642.0987289510479
0.6090746158141939,15.287048487605
-0.7094228920054111,646.503227234407
0.618517339920129,11.40007963051441
-0.6846732810996294,639.2150967003531
0.6010138983823194,20.680884028252443
-0.6797778220513081,634.0331966502298
0.6005159870517514,22.915214192072515
-0.6960216632868779,643.8200504592255
0.621499415626846,9.247788288106385
-0.6900900351081145,641.0743384385208
0.628347708235334,4.695546949302155
-0.7251503149850163,648.9085964961398
0.5950177003619033,24.64923671001569
-0.6874389652466826,644.6803842311556
0.6006241035627917,21.70256320214655
-0.6754329792375909,639.9423082156516
0.622258435146634,9.62406149750868
-0.67841315102522,640.1665842596101
0.5763546798029556,36.136288998357976
-0.6754628379545928,643.7026595083146
0.5959444677186613,25.076987618116647
-0.7085571739486182,653.5937404744649
0.5922956241206873,28.770734425032153
-0.6929433418106055,650.5998380154941
0.6084781281520412,18.607159977703464
-0.683542296551715,646.2528617331753
0.5969449544661939,24.74868090985031
-0.6665519519850663,638.3080064255403
0.5961569648102156,24.745483618548633
-0.658741373373981,636.3060839651191
0.5849675324675324,30.85519480519482
-0.7101360524964027,656.2217432109006
0.6207790417998925,7.638126837015371
-0.7153611056697158,656.3028829401974
0.5863562229647871,29.38885260694845
-0.6834369536061478,649.263424575206
0.5965711196820944,22.196454242636747
-0.7384712659121777,665.8295572836951
0.5702415092511711,38.222394996308054
-0.727948955098897,664.4454746788621
0.5830625939321592,29.788163092510924
-0.7287558434308223,663.9771760318987
0.6060200668896322,16.224080267558534
-0.7124331164770247,659.5523364284404
0.5896901786298502,24.410604266178108
-0.6706588584194252,643.6661825392222
0.5623781676413256,40.455165692007775
-0.6982417980293525,653.8495753693713
0.5597643097643098,42.18518518518516
-0.7390576815520469,666.1593094146945
0.5646597994036324,39.228941447546774
-0.7530748954914153,675.1227356990566
0.5771273134759978,30.912633747831105
-0.7559582491776483,676.2129056143978
0.5771434429569859,30.18095734763736
-0.7340968185139467,666.0873536609821
0.5731236848258126,32.92559036707972
-0.7449586739845807,670.3671533364269
0.5645629566169297,38.04869038694939
-0.7528529821089377,671.9165414071172
0.5520192129924024,47.42347959819485
-0.7501637894954235,677.0647858154498
0.5680144463721734,36.57016629199152
-0.7707594307891055,678.6809580635373
0.5477465907444721,48.54989022394743
-0.7533420822808177,674.1399986925385
0.538961038961039,53.16341991341992
-0.7186150757406042,660.0623048802331
0.5392911010558069,52.69291101055808
-0.7390821931691497,668.4713517786561
0.5397852474323063,52.51051353874882
-0.7596876504225061,675.4025093309207
0.5359217171717171,55.645138888888894
-0.7526567161125933,675.0644972965126
0.5479524807826694,50.89324947589097
-0.7922433275671623,688.0436891241395
0.5381088520362283,55.794429558964474
-0.7626089826491727,679.7346256153893
0.5501087353102777,49.67406554691412
-0.7337875543612877,666.9901599843603
0.551393804821802,48.873520626777754
-0.7569819819246275,680.166354270926
0.5454315985565986,51.585804532679525
-0.7545744571266507,676.6841808841411
0.5606984166401409,41.67167234286802
-0.7497373342499313,674.093902612105
0.5511090679232272,48.54097804850018
-0.7558698830409357,676.6717032163743
0.5427330804710179,55.22453784302406
-0.7245124879656338,663.6874996692873
0.5302725947887238,63.82207353578322
-0.7773113224339805,679.5565665719831
0.5532305329079522,47.43604513765806
-0.7824447990488507,684.4039017299565
0.5678741877982865,39.1825541946984
-0.7650349444574305,674.1954627213137
0.5416783927454659,53.78405644152595
-0.7890414385976632,686.8676985298642
0.5505800686546027,49.691619298575816
-0.7614306352662044,672.4728059819424
0.5754437996991189,35.74696324951644
-0.7919142452515932,684.947124312258
0.5672723475355055,40.61622807017543
-0.7433338451262661,670.5708155083488
0.5565752721174407,48.328427074933124
-0.7394775871423251,667.4847054204132
0.5584103738213934,47.38314395780392
-0.7576417410070757,670.094314626733
0.566409526411902,44.10087883102825
-0.7739286854224614,676.9407633030869
0.5542959584944318,49.6666352731238
-0.7833394678322215,679.5663645425965
0.5796642496822445,34.399676653590994
-0.7897103036423434,681.8574291112454
0.5623415473415473,45.213285048285044
-0.788981128922532,682.7854961604186
0.561400923469889,47.73828470380196
-0.7544262064159285,670.8552846746817
0.5631691999054428,45.534931861307584
-0.7524818260600412,669.4670337815688
0.5645173539910383,44.98466621098199
-0.744647591100137,669.526830346018
0.5802767602767603,35.95181929181929
-0.7596473925736694,672.2118892892393
0.5592983405483405,46.39745670995669
-0.7437360001567456,665.5194039739847
0.5463847791521815,54.2078691352036
-0.7365320422910879,663.9343636213055
0.5630103507125603,46.79326054291608
-0.7038331286013945,652.554557163802
0.5916010879624853,30.492332695320084
-0.6898125903015754,647.1795059366445
0.568841628215236,44.041584699598715
-0.7404160025665786,664.1747547269119
0.5944194691452157,26.991334539887653
-0.7278809778430432,661.0764891413738
0.5766412496655657,39.641993699478505
-0.7107475347989424,648.9596507124047
0.5731280193236714,40.7868961352657
-0.7285060895735989,658.6270603770638
0.5885807630372848,31.73583704942402
-0.7232808320326255,655.6886504695688
0.5798809523809524,37.0925
-0.755968512066073,669.7793263646922
0.5707589285714285,42.93593750000001
-0.7696454197687516,675.2784430767032
0.5793544214433741,36.999876386326875
-0.7429497104745664,660.8814724927332
0.603692019136913,22.85961244687228
-0.7606936894287404,667.450998618649
0.5904159544159545,29.239783475783486
-0.7328174353094775,662.4834912949254
0.5878145862627754,32.04407021054445
-0.7552595173320009,667.7999463290952
0.6085897435897436,18.761794871794862
-0.7254072571526895,655.8848662846494
0.5930694290175472,27.346188750096516
-0.7131374106979796,654.5939903628803
0.5939305937191772,26.264533352482637
-0.7243308838958495,657.0875906775094
0.5739025119617225,37.48906100478468
-0.7290689048630027,660.1318780278568
0.5931882480155599,25.656047115023433
-0.7547293535252781,668.6225858461116
0.6064084964176764,18.974254306598247
-0.7317459658142235,658.4232661171118
0.6389953171562367,-0.22307364836099927
-0.7102271507269268,652.5133777948596
0.5922986985605582,26.66260326222374
-0.7248134727265053,655.0672942279601
0.5781453634085214,34.792681704260644
-0.7017202924169975,648.1623373028375
0.5778178122690318,36.68916297117516
-0.7220522828902779,653.2092140404783
0.6075983945132881,20.188635725976145
-0.7228723595968809,651.1266357026719
0.5895248028289329,29.23518465542246
-0.7233724406377818,651.3530603821949
0.5805575967884602,33.25123188405796
-0.7165133591659465,649.0011936735901
0.5657725033587102,41.38798029556649
-0.7222539682539683,648.5127777777778
0.6130409288207453,13.89562548535027
-0.6972028241563737,643.2702206306245
0.5981326401372622,21.98457376733258
-0.6905546330336024,641.8717937801756
0.5905959446900789,26.994665232842767
-0.6979503485883456,645.8513434543684
0.5684506397229299,39.831776054040134
-0.6846885221581909,642.8155101643866
0.5814156053286488,32.313991362904396
-0.7343210325600699,659.4599567659044
0.5769617742149332,35.50159486583239
-0.6625231829249759,634.496433312027
0.5702990873768862,40.759058462094494
-0.6595176818714604,634.5859226943595
0.5919303698251066,29.020173666489463
-0.6991265975601453,649.5700631395863
0.6281270764119602,8.201611295681062
-0.6921565356325264,646.1406587819317
0.6063711384401039,20.86341907135011
-0.7104595359395597,651.8539662757165
0.6020784770784771,21.50388500388499
-0.6819002959353836,646.4993789511333
0.6153228580362727,15.31036585365855
-0.6999935305293501,646.2754730083857
0.5653804050355774,42.405446086480595
-0.6798611731962677,641.4486324081925
0.6081587677423325,18.80501342545056
-0.7132808620978727,652.2246186040912
0.6005586447498296,25.19314776581412
-0.692111174806645,643.7337665773746
0.5955598403880947,28.578691519860417
-0.6995558913713933,651.0992373665135
0.6036934800193752,23.257748764526124
-0.6911938450791373,647.4450449083655
0.6004586683158112,25.12824159967018
-0.7213444907930052,658.1478898950352
0.598102766798419,26.158339920948606
-0.7317092708522028,659.7046858670942
0.5709146281560076,40.60283131938305
-0.7391632742558013,663.7713657443952
0.5819385175447467,34.892227727778334
-0.739133890260572,661.3290657717646
0.596753003003003,26.38963963963964
-0.7197365705832769,653.9532567745819
0.5787753607265802,35.90500109865964
-0.755660656509713,669.297474746154
0.6049092416531184,21.59094573937938
-0.7169618585413852,656.1127849769016
0.5689542978208232,42.10910764729621
-0.7532414394116522,668.2498359796232
0.5989949503780594,24.619118409130643
-0.6961599393842303,649.3767055249043
0.6212664426076608,9.423250581105798
-0.6995547856159753,646.5035218074371
0.6016682640072522,21.346778682237506
-0.7089049764676038,649.1684086054382
0.611918961977312,14.908547294359458
-0.6962085242434243,647.651676976189
0.6029653383908422,21.15639821472272
-0.7294292146402993,653.2259034849446
0.5900278974916656,27.80795867578476
-0.7095034245892089,649.7300348244711
0.5852736025149817,30.65712741919639
-0.7135532108053017,648.3736963708888
0.5783991993669413,35.07252245961924
-0.7079953572791123,648.0281912235889
0.5741384711779448,36.58468045112784
-0.6664971059852879,643.3942032920203
0.5752351157614315,36.94325674325675
-0.7141941713968604,654.0226324706707
0.5912124681569683,27.812828806136757
-0.7117182496718008,656.0677638601098
0.5739526372750057,37.62766172058935
-0.6795322225413909,643.5981716500891
0.5749758887189674,36.10669508457991
-0.7305199682345382,660.3522290798428
0.5540972104932859,47.292192648940436
-0.7131975010123919,652.6921775058927
0.5848921248261305,31.130367893484244
-0.7331653127943656,659.0226716124034
0.5739227436186571,38.11173455652136
-0.7091316274932249,652.7317328892705
0.5547014260249554,50.301093391902214
-0.7131134195449548,655.815869354251
0.5714729590185411,39.733766934327946
-0.6893080949143223,646.9347626006673
0.5707178690874343,42.04661968466317
-0.7116407839079183,653.0230146477445
0.5804331630481055,38.229033631332506
-0.7141239239566849,656.5582388715876
0.5506408903274228,55.21295970541327
-0.6971582459391419,648.845804353327
0.5810885591373396,36.965688308980994
-0.7298544509814426,661.7050913080246
0.5792569834770651,37.22494916279494
-0.7100434434655971,649.1190273937841
0.5791247618541598,37.49108436371733
-0.7356074658528604,660.5866269447739
0.5756414217133857,40.611016385746524
-0.7113336981726743,654.3106380009787
0.5924714747552788,32.20125978998771
-0.7079330531119963,654.5477442499309
0.5854605363142358,38.310491812617705
-0.7271550377337512,661.7653941367178
0.5736744573145806,44.93952596796253
-0.7163980958128122,660.9193034987087
0.551119857895973,55.795628423853245
-0.6927834077032267,648.2011929374615
0.5815909120562138,39.07321863252807
-0.6803948736828277,645.2094026076413
0.607037407037407,22.77839937839938
-0.6748502015185692,641.8709990876661
0.6001899335232669,28.113960113960122
-0.7152277830987549,655.652551526881
0.5947943722943723,29.29231601731601
-0.6977978261213896,650.5722231241434
0.596558906467443,27.615432047901557
-0.7112414580479096,656.0161249221571
0.602037037037037,24.685925925925936
-0.7181533682268612,656.9563381549034
0.6041406783252601,22.728750163719365
-0.6891644881036126,648.4053324694064
0.6043061261577004,25.06749514852962
-0.7046244749228292,652.2672739927117
0.6063296415550585,23.25407897392833
-0.7275661375661376,658.4353968253969
0.6070264121130619,22.884882335251397
-0.7366685704766665,663.4627690916448
0.610201000612501,20.012064720417968
-0.7310511384018585,659.70518401295
0.6240543330763918,11.497462198351906
-0.7050811662630507,650.7375208544036
0.6120062958942977,17.23335677435598
-0.7233775085960527,655.9541802593329
0.6002880452880454,24.247901146472575
-0.7640331581975134,669.339514215378
0.6046723646723646,19.7508831908832
-0.7135857178952603,650.334454576768
0.6082418271383789,18.847660844902226
-0.7275136154168411,655.8862903225806
0.596375757409088,24.92149556783911
-0.7413076834761899,657.9391367743114
0.6055452046538634,19.47640913133273
-0.7156419376883133,653.5462610179685
0.5926231196947882,27.27244537843642
-0.7357224821718581,657.1822089622506
0.5880026104164036,28.96822679236473
-0.7232055495077112,652.6558350492415
0.6020420676312124,21.833541202871352
-0.7137640853814681,647.628174098818
0.5972420978025598,24.832242259552032
-0.7175298925062016,653.1680029344654
0.5890862054371666,30.42561766616629
-0.7110727453926575,647.3319904140089
0.5656342033535016,42.42429643131397
-0.7216071632563027,651.5250326150641
0.5828807393448566,33.450271030794866
-0.69150107050646,643.9966017004888
0.584441391941392,34.076620879120874
-0.7288765607253003,656.9799614795413
0.606417944873717,21.316111175181632
-0.7150590298616663,650.5985283475998
0.5729675790159661,38.71706989247311
-0.6984776739413727,645.1380796900862
0.5868633894440346,31.575768224800488
-0.7119424948526055,652.9180816690711
0.5898333161450008,28.63334128293714
-0.7105485907017182,649.8027131883009
0.5977247528971666,25.087959294855846
-0.7372956664840485,656.8475357535686
0.580337206652996,35.420027341079994
-0.7696685841167864,670.7772819176266
0.5870165548736976,31.517750107035827
-0.7052728811842224,646.7572430944393
0.6059775802312368,21.19086141972336
-0.7084389910570607,649.4525769463572
0.6050077436930885,23.416833202716816
-0.7145800590038842,650.1146952385803
0.6251628788664713,13.100070636218224
-0.738260528114072,656.5751987602126
0.6020026912926133,23.722122951192745
-0.7355710267183916,656.6274193954422
0.5951502201502201,28.671748621748634
-0.6923332793818939,642.7896922798948
0.6025895400895401,21.553825803825788
-0.7584240757058159,660.3487670109096
0.5986045327221798,24.985739750445624
-0.7195430285994103,648.790741093878
0.6173767752715121,14.253049289891397
-0.6871603722736535,638.4769285360742
0.5970957437624105,26.932618492618474
-0.7182837526921196,646.4346601255771
0.6096633539077866,19.968477943642323
-0.6920846584114997,640.3882591600486
0.6083118115020711,20.447669974769635
-0.6716920207808277,633.5535061989591
0.6095379065541916,20.533327479709808
-0.6964496815274573,643.6114428182619
0.6024045138211058,25.210462839107
-0.7111141745326814,647.394778929262
0.5959418924451428,28.58879130955632
-0.6869347343718546,637.5177017614507
0.6399521099861804,1.8878539349449892
-0.6787091843082885,635.5457437921044
0.6273237696110037,10.815288523533207
-0.6853660917911618,637.9819984436582
0.6085944681979998,20.531443229002793
-0.681963813153563,636.7796012721799
0.5968673355629878,26.314202898550718
-0.6775109230606445,633.724682008659
0.6155702917771884,16.47824933687002
-0.6665997355554472,632.4662401689067
0.6182005060088551,13.845509171410512
-0.7017404408350498,644.3346044495714
0.598256722951845,25.59524702939335
-0.6874605396678701,638.0128830688958
0.5952067472757128,28.543361695775502
-0.6745643187634303,636.7507281935033
0.5954002463054187,27.82993226600985
-0.6826768554345115,641.4345619460433
0.5933175644358785,28.764801764717305
-0.6714731885367189,635.8156221387205
0.6112067905113747,18.990682475745228
-0.695214398108086,644.9625713489316
0.6188096488285371,14.558866070603798
-0.6944009067807702,642.8700791058177
0.622931653497636,10.034695996865631
-0.6819150939892061,639.9413913309847
0.614147008353707,18.65112258657749
-0.6855277493920064,642.6457695031031
0.5882884868754434,30.263839566230867
-0.672886486917753,638.769225310516
0.6001851851851853,23.3574074074074
-0.7222703317332473,654.7637026703522
0.600705467372134,23.38306878306878
-0.6775966524216523,636.8582105413104
0.5877976190476191,32.74404761904762
-0.694066150007507,640.5756461149149
0.6005034446210917,25.4322734499205
-0.6744135670654785,631.5065479216129
0.6032636898986936,24.399996615599804
-0.6668285658543542,631.9954622684454
0.5620407254722258,46.06060467390644
-0.687182511100168,638.5292371171086
0.5943422241239957,29.389664227276548
-0.6889714511706184,638.4553976355021
0.6045139905544709,23.302911516427145
-0.6501593243165384,627.2869848291706
0.5957267220568487,28.77363810224479
-0.673972503954686,639.8269630901807
0.579173575747892,40.19581797182142
-0.715438603666529,653.4925790556954
0.5750076711810757,40.10372873823166
-0.7218439371615368,653.1809942290071
0.5826323412254503,36.17460938933457
-0.7203599016046714,651.7775895443468
0.580448585231194,39.469392684610064
-0.7002485410960113,646.1664311006961
0.5793103448275861,37.36781609195403
-0.6916968729025159,642.3114506415311
0.5690196078431372,43.52078431372547
-0.7140307760847407,650.2252151391194
0.5832545832545832,35.28597828597826
-0.7268827201527218,654.3914301240894
0.5961214383863525,28.484541494905486
-0.7082175378850571,647.4527159493911
0.5865159646614563,34.20559113405486
-0.7017575944355952,645.866367363279
0.5909586940836941,31.229402657527665
-0.7178296181934468,650.5948201101061
0.591484210161072,31.28889209127716
-0.7126948471689702,648.7187547153635
0.5969738903011677,30.223097261646323
-0.7244444807049033,652.4838055982207
0.5963496562211101,31.725639204012417
-0.7081602701143574,648.8768723064916
0.5781621815185681,39.4213882024524
-0.7215419726350067,648.0927706679912
0.5867179755812547,33.81298819954662
-0.6967039117444795,640.0663274446237
0.5922275407989694,30.827187407187402
-0.6942547065916514,640.3715111966153
0.592925925925926,30.25681481481481
-0.6813021821631878,634.663745256167
0.5877902003910068,34.448414589442805
-0.6945866879244524,638.4890506056929
0.5943114166798378,30.917397660818708
-0.7089446338762385,646.8280447827834
0.6013431013431014,26.620268620268615
-0.6993960870813181,646.775376161959
0.5888745334755973,33.18722463108102
-0.6855051562289267,638.3350325782907
0.6077303707029432,22.544657064493027
-0.7074462661482593,642.4074766838247
0.6127419373760837,20.140997313436333
-0.720256018458293,651.1884769129816
0.5831753846538632,36.841442969289574
-0.7209659939241351,651.0376483751612
0.6230326435441562,15.036954726513178
-0.7234382751547893,649.5370998284833
0.5967287551526681,28.74298024732807
-0.6830527259142455,637.7413007970606
0.6064478412044323,22.713028973993925
-0.7269277256275052,652.8794348063959
0.6145470813650824,18.49294623059866
-0.688962512882945,636.0272148047031
0.6007598978288634,26.172260536398483
-0.7034005315387805,642.9032915112282
0.6025761648745519,25.40584677419355
-0.6582365301963072,627.0924644955181
0.6183088235294119,16.630220588235296
-0.6663238919959108,629.6450297672741
0.6276353745865941,12.178375138740961
-0.6802622933520281,635.784031819633
0.6298584391188096,9.954436502406898
-0.6516293911726196,624.45612526565
0.6316748385713903,9.207263617608442
-0.6850831041096125,637.1535738526852
0.6230797432818254,13.402943351810473
-0.682569250796413,635.0235466243606
0.6185482129359681,18.169406160732688
-0.6800682278943149,632.5087103261017
0.6275583795870306,12.621723696133344
-0.677329659799172,631.2564868875844
0.6146254621881699,18.635218722072118
-0.6930249183556385,638.8071552705555
0.6302163300561935,10.131926395372545
-0.6601091930405121,630.7938192465834
0.6356929510155316,7.875538933042441
-0.6724703772516419,634.518642342728
0.6344696312812255,8.650146579132084
-0.698561092076093,642.302638840931
0.6426666666666667,4.4693333333333385
-0.6518337499403771,626.5017366681299
0.6313997113997114,11.376017316017306
-0.6872153134395291,638.4231340945478
0.6233772394932187,15.65984818887091
-0.6982595549478319,642.9544051324654
0.6288151514002901,12.364942884051507
-0.6921150930824991,639.0291679290151
0.6389744577076113,6.112908056304292
-0.7067202949555892,644.1830592065886
0.6173801227808197,17.170582379293176
-0.6718279520800098,632.2763161037954
0.6550126804549559,-4.952401716020749
-0.6496087598635788,624.6258672621187
0.6352635634869518,5.980690047781484
-0.6758441086027293,633.2694000271587
0.6374414055764936,4.495766979149476
-0.6720683970988545,630.0337856708803
0.6293169809149877,7.599345443039797
-0.6658016655726772,630.7555880707692
0.608342728193792,21.060925117435765
-0.6490442374692335,624.5287943399318
0.6135042531644231,16.548991483094436
-0.674028574028574,630.6551574301574
0.6154213911851096,16.119775751023553
-0.6931335111826273,637.2098049312262
0.619171146953405,14.234861111111105
-0.681933752620545,636.1072436058699
0.6284843205574913,9.96544715447154
-0.6886596022936664,638.3318901189232
0.6278566394845464,11.438729487566695
-0.6700558199981226,631.5537511043269
0.6277847309136421,10.759011264080094
-0.686616591870462,639.2131434551002
0.6644559110193785,-11.609952987042783
-0.6829719415832511,635.9768554027517
0.6766976384049556,-19.40864885791717
-0.7013109233684124,641.737794985728
0.6389163023445201,3.7387353913962946
-0.6837302185471416,636.1051141048788
0.6496093488028971,-2.2732993539445183
-0.6890914601096544,639.94074165661
0.6433055772420743,0.6737317630967361
-0.6501359577705009,625.2668621254979
0.6324754143984168,7.412467810507422
-0.6796642899584077,635.8869578134285
0.6202272465859422,15.55401909885606
-0.6798990150924076,636.7570020259384
0.633369990224829,6.053396871945253
-0.6798854213953224,636.448592151963
0.650942975942976,-4.719149094149088
-0.6808015041633092,636.1835594950309
0.6315818616308213,6.583253482543569
-0.6915909574673943,638.7914721931963
0.6151083112290009,15.756476569407596
-0.7021065296370045,642.3929184725561
0.6441161724911609,-0.9356589853439251
-0.7128125926197436,648.4992707844814
0.6064336410580204,19.598496366579617
-0.729321076498935,651.3407300668786
0.6320886615515772,6.334492753623209
-0.6638958792661003,628.8148928869426
0.6294101270138663,7.564361067119781
-0.6840177558965809,635.0457520877961
0.6233723236879452,9.872247313770636
-0.6935862637884085,637.1849328008993
0.6252196146932988,10.519372565613171
-0.6840080997859254,636.1719360600027
0.6251911423053252,9.958686186564345
-0.6298180490979295,619.4649379402911
0.6043740981240981,21.55654310966811
-0.6805003962898699,631.8537749287749
0.6416023589936634,-0.6137147876278183
-0.6925693552836569,635.1633335770475
0.621394993894994,12.153760683760689
-0.6450435819671229,623.8373542887974
0.6187026515151515,13.492045454545448
-0.6939401210009377,635.7147955532766
0.5965430402930403,25.799519230769235
-0.6923712092441182,637.8811750786007
0.6301714227483051,7.686057053872517
-0.701936186064271,640.3108677080871
0.6483593437374949,-0.7639055622248776
-0.6647992946695819,628.803256037345
0.6071359537734606,22.664569620283146
-0.6665497831967342,629.3977499414834
0.6334715478729112,5.949994239194457
-0.6713700830060926,630.7908839161795
0.645849559236656,-2.4818865639833425
-0.6951335918145156,633.8917702998457
0.6484167864619182,-3.804386930033497
-0.6853511173158869,631.2068464226729
0.6210013931698752,12.430890344692287
-0.6782214870456262,634.4409183296872
0.5977883608890474,23.762584243877154
-0.6887779533716181,637.1220594519223
0.6268152544852075,7.660899000752339
-0.7010954388912047,637.6898227123631
0.6230769230769231,7.969230769230781
-0.6517561730585869,621.06590412227
0.609820788530466,16.021146953405
-0.6528790095584549,622.3546301827159
0.6265625,6.720833333333331
-0.6514114325348874,622.1517994436259
0.6177798203660273,13.288593823076582
-0.650336323622614,626.9513399005924
0.6347496496008944,4.655165278428555
-0.6915937749377647,637.8258791968192
0.5886701018279966,31.163170163170168
-0.6583802137787546,629.0703491990057
0.6473186603215806,-4.51024857596078
-0.7052120465377888,640.9355649617012
0.6272329624733789,8.384481714033939
-0.6712806214194368,631.6562018127593
0.6292682536827167,6.5504419260058855
-0.6848594117170407,634.4930678227048
0.6197458726138417,13.318316396883375
-0.6862871508617934,632.863691330933
0.6164392101718358,14.107137002153856
-0.6893486901358358,635.2535098856546
0.6392242016090327,1.6371610724194987
-0.6440700038172862,621.4062764366855
0.6265432098765432,6.853395061728388
-0.6488710343774999,624.0375803255654
0.6022988505747127,21.73333333333335
-0.685948050827081,633.4717124205215
0.624865127919911,8.366644883203572
-0.6671982554139771,627.8663167804958
0.6070975311213002,19.65008002648069
-0.6863880229482642,633.9173633726127
0.615300881151945,16.07423812594026
-0.6828539310282878,635.710126521849
0.6217659529893249,12.491568217405085
-0.6745436645462061,637.5774428168753
0.6263126155371143,11.40846678391271
-0.6718243009446957,638.0094428775682
0.600280910609858,25.201643692564762
-0.6553226099842574,632.2097445360049
0.6358802579760116,5.797412555764822
-0.6702305058518576,633.6949261211433
0.6333768497085032,6.617805032290107
-0.6786352991978655,637.3496501527698
0.6305846228593214,9.122767085288713
-0.6951756902715054,639.8242771329471
0.6043280400423258,23.973073130215976
-0.6826415132193826,640.1252741852954
0.6264590934427892,11.794072413094163
-0.6919406170191125,643.723762076728
0.6385787545787547,4.511736263736253
-0.68384448494939,636.6121734420482
0.6436861559139785,0.7342069892473262
-0.69428007789504,639.2468438756571
0.6088508545310016,20.294147456279802
-0.6792442177674283,636.3823308875089
0.6240127758420442,12.704616724738685
-0.6902972281268427,642.5336762966581
0.6217135315664727,14.738856927386344
-0.7039494716016222,646.6291703448084
0.6214168756967671,15.074062848383491
-0.6906127105265736,642.3409424308422
0.6477182295835407,-1.3132475501646874
-0.6729778230922395,639.0284663467729
0.6258526004232983,8.407421021176958
-0.6923771664083318,639.732855236345
0.6257608739057924,9.312542497757338
-0.6555309957147265,629.6826852178551
0.6414343939546262,0.18481786803392555
-0.6816206151803977,639.0996767730464
0.6342197750307322,4.3570565141823545
-0.6975261735900034,639.1245391478104
0.618500533283142,15.535091285526066
-0.6941413274746608,637.4642963309631
0.6420874384236452,0.36986863711004503
-0.6884670020082715,638.4012815334942
0.622030430637216,11.154228905132697
-0.6851118840775179,638.3569272516255
0.6426984126984127,-0.8850793650793662
-0.6881600582087851,640.4456381555627
0.6232119385777922,10.167864662254896
-0.6971343903917875,641.0408596404482
0.6253153988868275,9.055547309833017
-0.6879266010766285,637.4397813572857
0.6185332890218234,11.631702115874596
-0.6881857516357243,639.0165590803098
0.6232282584395261,9.526827632461437
-0.6684159054380416,632.3755387851835
0.6238524064878744,9.112738287984575
-0.6787056889098074,636.2772653366113
0.6402760315228647,-1.0755277276599067
-0.6802694960455303,640.264780079117
0.6170079698821869,12.135316816924917
-0.672541913012686,634.3313197400269
0.6101050448089922,16.003232513100937
-0.6990767242416108,645.4143398474308
0.6126420652719287,15.246820337315327
-0.6902543392433019,638.9065602513713
0.6184658739006565,11.57607147281061
-0.6817266098611725,635.8005628243463
0.6092775041050903,16.528160919540245
-0.6845831179224428,637.3082616466754
0.6131325863678805,16.1214659197012
-0.6976433957701303,644.3059282210229
0.6093623012227664,18.358800533219124
-0.6701991139892337,637.4004048217703
0.6062613494249043,21.070451848395397
-0.703769305082589,643.298643918063
0.6094907407407408,18.886574074074062
-0.7040219236266194,644.2489041619632
0.5961100468829498,28.3117562496372
-0.699592608600627,641.4426845377978
0.6183018118600169,16.512403688089005
-0.695434987644041,640.3670486057397
0.6040064935064935,24.4421883116883
-0.6912420585657945,639.2970192148907
0.6356471404737231,7.591624904321955
-0.6899695933708663,638.3318348445628
0.625698328061582,12.462957420453908
-0.6959788207210889,638.5645097552315
0.5934752543257766,31.074400871237305
-0.6829965310533802,637.9524500791963
0.6118543292456337,20.49163879598662
-0.6958291128809929,639.383414987028
0.6218128078817735,13.331980295566506
-0.6556752883495142,624.5267596238256
0.625633922534531,11.369423741910566
-0.6967793605477243,639.3080709702149
0.631840805075931,7.672608435614734
-0.684559890963068,638.8016433194388
0.6147481360247318,17.8916712129478
-0.6850524945579393,636.1144042688508
0.6211223559049647,13.26551057638015
-0.6903760413791886,636.6435168111014
0.6357251665077979,4.633204291749104
-0.6886161878107632,635.8177624832626
0.6343749940550378,5.242435015611266
-0.6773525471192562,633.177431462022
0.6301728991053331,6.926010423358264
-0.6901822513756228,639.3449387522855
0.634501221001221,2.7895427350427355
-0.6780548714967678,635.8558527795044
0.630321497590621,6.928987721675458
-0.6961581955767038,642.2240330030622
0.6374969132626019,3.165872073239821
-0.6912950072331417,640.4982112354678
0.6119227225365331,18.761831012598268
-0.6553908606304069,631.3269581320039
0.62446773817843,9.691460517120902
-0.6551704282903034,628.0292308156809
0.6061492246475562,19.772826749940208
-0.6690525476486733,633.2701529822599
0.6090033551620988,19.422910097825195
-0.6918256855626808,640.3768912545986
0.6146726069383323,15.9915021681068
-0.6638703701892112,632.6288384392618
0.6191935107376284,11.939484126984127
-0.7068685014649773,645.5838022897872
0.6088052037592938,17.615463650200116
-0.6854256498043712,640.8147172619044
0.6151271551271551,12.754344694344685
-0.6861041457529184,640.1980404892319
0.6182031159736524,13.127126500898068
-0.691917106743673,639.601016085864
0.6190398864470287,12.635630070718419
-0.6723920096477873,635.0135108457765
0.6230882668382668,10.765578078078079
-0.6578813882010389,631.9361664234326
0.6030989144589356,22.474421460476616
-0.667288877627868,637.2163233014733
0.6150309418438221,15.006114608852943
-0.6572274007188128,632.1196492791266
0.6228031034987557,10.597665934709415
-0.6866138567470423,640.635786055279
0.6313214285714286,6.618749999999994
-0.6741223215737723,640.1650316383265
0.627693294359961,7.126037542704201
-0.6967285113212549,645.5513772828924
0.6184444131598603,10.789107685449144
-0.6802620457165554,641.3358216322598
0.6177880297864562,13.139098379546843
-0.6744086639473513,640.9509306497772
0.6115989047359005,14.066463885811636
-0.6833009496681463,643.3476085533705
0.6402301565482009,-0.5351388670693034
-0.6842957322090025,648.1673320719516
0.630576306121142,2.838735974794994
-0.6828697469770446,644.8706240654151
0.6508724182104404,-10.107012342903214
-0.7203121213904377,652.235529789872
0.6155543168396214,11.519758374750642
-0.7041412886407369,648.8802425904497
0.6229599900652533,6.870573731626362
-0.7237389919693904,651.2608035036133
0.6369112598926263,-1.8978525270450786
-0.7213227106113331,650.7152853204311
0.6025197346936477,18.75753702014573
-0.7116859808416337,647.2241034961417
0.6054944749847299,16.68026264645455
-0.6731913602957027,638.5345443241142
0.621210891880263,9.330287048988874
-0.6914649212163246,645.4828648215176
0.613594259215893,14.095934151981746
-0.7139885306336828,651.5074731296679
0.6313634969432071,2.236432475200587
-0.7101264357136825,648.4372975383166
0.6505949223190602,-9.025346722243285
-0.6978656876947199,643.3659358300185
0.6214133321380949,7.436144882823044
-0.7325803773845216,656.2865074764882
0.6342705570291777,0.08968759210136075
-0.7303602313325119,654.3883223513451
0.6122481443648653,11.69831394556195
-0.7036833644546502,648.6372858813463
0.6061588134738761,16.414558596076745
-0.6888965762465129,643.915590551336
0.6085787183765621,15.056418237348169
-0.7409963666584214,662.7206224002432
0.6057700692632492,15.01775457042722
-0.6925575461556286,644.721077631399
0.628338298882306,2.6544246524520725
-0.7360781967003571,661.0695079715196
0.6012413512413513,16.379171754171765
-0.7264226606445451,654.058989916534
0.6186503815032041,6.978764459107197
-0.728552386740323,657.0732448923626
0.6037037037037037,15.667592592592591
-0.7112850663728998,652.1323354947818
0.5730503795721187,33.6557280883368
-0.7460484729838999,665.0741502807778
0.6207810674422651,5.182295970368159
-0.7270709184157658,660.6160121303636
0.6108766310785391,10.68025562656294
-0.7778105533370311,681.0654358949662
0.6116439531310764,9.58746837670552
-0.7148516907899007,655.5824881907935
0.5893671887284782,23.42940768322993
-0.7146631707476808,656.8150640863004
0.5991308458979978,17.366436662989493
-0.7510047303527988,667.0410809131109
0.5895041530390367,24.60759598368901
-0.7198668356186314,659.8716948528198
0.5687706703234653,36.803129789465196
-0.7553318834209638,674.6947489744184
0.5909839597710322,24.058863982508836
-0.7694520098567705,674.7319056090595
0.5861626878868258,24.226569407603915
-0.764314671510759,671.1545706592557
0.6237455197132616,1.80824372759857
-0.7664029950535645,672.6135793402391
0.5795639336815807,26.973499886441072
-0.75369679225164,671.1890515764663
0.5798964853995454,26.20841965378562
-0.7602917659601154,673.061669130913
0.5962552361692908,17.418764573574627
-0.7648970484791745,672.9850350182256
0.5922226706125011,20.74283696529456
-0.7693707518828939,674.3924366611546
0.5700369772440688,33.953615856281615
-0.7817006246629205,681.479702142149
0.5971272050360099,18.521153042605548
-0.7328572308275633,663.0592603122143
0.5893113498404035,22.51132240058336
-0.7626827653590158,675.129648298294
0.5724294208239112,31.911137556084125
-0.7086079381609968,655.386627464091
0.5638951017313121,37.76453359076804
-0.7146271851672965,656.8159528746824
0.5677215567361027,35.70228450151724
-0.727202732595461,659.76530081056
0.575293080259113,31.82500439174352
-0.7267722039473684,661.2381085526315
0.5599893162393162,41.52772435897435
-0.7592433590168376,674.676837829249
0.5546897546897547,45.4008658008658
-0.7268747521180957,665.9484116833703
0.5567583732057416,45.06943779904306
-0.7559493720948948,676.2052427003866
0.5846453226874935,29.128295735853033
-0.7534294343308626,677.6575388133531
0.5939326089287389,25.225831205688042
-0.767657569703233,680.9479091098024
0.5834984687443704,32.390614303729045
-0.751397634274842,675.5029208647925
0.5881771120415945,28.7416651355594
-0.7467417415096204,678.748073117818
0.5810098149026459,32.25524031650025
-0.7240990489786492,666.1076325236706
0.5861639238888433,28.784979783787566
-0.6945987985100063,652.1378317450482
0.585271463105024,29.500064264236137
-0.7206687281844703,667.3386118238473
0.5624517851205495,41.49863255546892
-0.8004035069220327,694.1614412101917
0.5674333999333999,37.442935397935386
-0.8041881416881417,694.2281836781837
0.5712678062678063,33.616139601139594
-0.7817635670087244,685.5903236577116
0.5656635821484018,37.45556815101408
-0.763232409397558,678.0514117237047
0.5684684684684685,35.53479729729729
-0.7672438365747819,681.3365620515096
0.5732169538973847,32.29630935908914
-0.7542429691405581,674.0926415160687
0.569680607875334,36.58661193212918
-0.760330282526442,679.6974457228237
0.5731695667398264,34.655723606969346
-0.7834086190403158,689.6077443581563
0.5412976689172223,52.42026455731305
-0.7591272332486523,679.5139224948934
0.5594827053901028,43.43062065435401
-0.7648381959764904,683.5625727839841
0.5721024516637677,34.48921395985206
-0.8067030561820616,698.3101691027504
0.5782333666350549,30.350913662980382
-0.7686355630806204,685.6008835288379
0.5690352880282548,36.20991081382387
-0.7994163929933246,692.3881933195319
0.5391701614357864,53.8647233495671
-0.7773111271259259,687.332652550795
0.5576494386839214,43.428494494011744
-0.8017506927184258,695.0410594258814
0.5597213669950739,42.31152247536946
-0.8015339569443294,695.7709603550481
0.5601678852544602,41.744714924500265
-0.804537323768396,696.572089545601
0.5654660654660654,38.584451584451585
-0.7659518838917418,679.1941021058993
0.5726189941258369,34.884440067129354
-0.7817668728302646,688.3920661483493
0.5634670968609263,40.46593567251462
-0.7717965691588416,684.8394909153261
0.5799798912692327,29.667775921353147
-0.7948955008567989,694.6097430397632
0.5883209495612596,25.066090544385116
-0.853469400603788,713.6476944662714
0.5623932850438053,38.847755860718756
-0.8240845738186164,702.4992665874314
0.564723941615848,36.86633027145317
-0.7873619028625272,691.9292280984872
0.536947767470872,53.12941810779278
-0.777961983436128,685.8977547999859
0.5716346939782326,30.83332125606917
-0.807157889884742,693.885928429437
0.551519866736832,44.03317787952244
-0.8135128062973966,699.067022676007
0.562940303657695,37.81907073844032
-0.8033278741345815,697.2766591821824
0.5356783695460167,53.66066701996114
-0.7802488642418309,686.5745688591053
0.5606115527291997,41.448450450450444
-0.8157289887922747,699.6114174484507
0.5631577358277813,39.341949470588816
-0.8022996713254066,694.1975289824555
0.5509994576539066,48.242493832843934
-0.7905215774664551,691.1004198918732
0.5591540064301582,43.67932621324393
-0.7712448935573816,684.4795121256133
0.5725408240384869,35.33189058892291
-0.8199539736415666,699.1913440897507
0.566116930095922,38.46234205020572
-0.8035236136653213,695.7337656531162
0.5715510169085681,34.411084209062174
-0.8388094214595688,707.7518011837503
0.5663262159306885,38.43921905826681
-0.8378187921031784,706.0443408878714
0.559978532418864,41.135607925467895
-0.8262109724208473,701.7023830220223
0.5594701387351066,43.52364595490041
-0.7741602655831443,682.238179033469
0.5587761674718196,43.35265700483092
-0.768238852653864,680.1828336825726
0.5756321839080459,34.233563218390806
-0.7970744886684255,690.7292914379268
0.5847230180934296,30.459782848881854
-0.7895072449444153,685.01171641112
0.5745429666119322,35.67653530377667
-0.7810082795199708,682.4110897733508
0.5598185941043085,43.33619047619046
-0.7738274797098326,678.1121884651296
0.5886897728825822,26.89792392835305
-0.7910885060740278,684.2129539866983
0.5843024185958969,29.1621663843403
-0.782936744241062,681.1734615395279
0.5795634422272447,31.812311058452458
-0.8087326169405815,691.059306082315
0.5684661402518545,40.55195972731688
-0.7746083342628586,681.3975155766445
0.5887836381830844,29.581613528609775
-0.7728810102332596,682.435126627927
0.5815214206398414,34.17708569393803
-0.7969255066067777,687.9885798042405
0.571043259663507,38.33167946644803
-0.7821537379612966,681.049407768353
0.556472049689441,48.75792546583854
-0.7682205493122062,677.5215420575624
0.6110045831784963,14.44247491638797
-0.7654534803239331,675.568874231237
0.6154121863799283,12.026164874551966
-0.7815597374771808,677.6306481173503
0.5977272727272727,19.834090909090904
-0.7886814471047888,681.060238021238
0.5913299663299664,25.355218855218837
-0.7681456760122236,671.8351195666839
0.6106015897682564,14.068166401499724
-0.755970695970696,667.6115750915751
0.5888736839680235,27.360302255396608
-0.7412704723409007,657.750663614792
0.6159318479151713,11.001705329281265
-0.7427601029411088,664.4074077766975
0.6062912964228754,17.204352737905367
-0.74049370809995,664.8749761771675
0.5965813065911499,22.421970376931604
-0.7337167403470128,660.4818989783529
0.6059947398741393,18.2373309642851
-0.726717338083465,659.5095104114221
0.5867503841188052,28.33220288483446
-0.7389663678563856,663.7847623247465
0.5829404940749806,29.80194153931881
-0.7527189027775719,665.3307156003742
0.6083333333333334,15.78333333333334
-0.7387033646648491,657.9997732314507
0.5950639398915261,22.493805045529182
-0.7336833793948805,657.9934526396514
0.5895111832611832,25.39912518037518
-0.7123000250192234,649.9428919653288
0.5994329733460169,19.718911458041884
-0.6950551316852341,643.2733806583834
0.5872896365993205,25.995549682639023
-0.7646078431372548,672.9679971988796
0.5985320039181827,20.837524488642384
-0.7204895928303356,654.1244397787372
0.5994858523119392,20.36157663592445
-0.696172525457654,649.468752857854
0.5975568387207496,20.87111547029548
-0.7253826173486669,656.7285917665866
0.5841490873281547,29.73123368797704
-0.7046888223169059,650.2809007606351
0.5884931506846499,26.761452421283497
-0.721127902081796,657.910336608168
0.5917793430055716,24.87819655362152
-0.7471484403561856,664.4199538584086
0.5861796498849444,29.876465896188904
-0.7378121685204756,661.1225466939384
0.5779100529100529,34.60568783068782
-0.6933263705047847,647.5298507848934
0.6128205128205129,14.28974358974358
-0.7134576623085297,655.8022885741053
0.5885748238689414,28.526271114506397
-0.7400370117828151,665.4616931962929
0.577884478237495,36.00246179081222
-0.689275054470893,643.0536244756195
0.5843219735559281,32.87870123894968
-0.687754507949752,645.1148107356418
0.6219913202671823,9.237096877183092
-0.7332593928927786,661.6225786494905
